<?xml version="1.0"?>
<map description="A rocky landscape ready for warfare." name="Justice 1" spec="1.0.0"
  version="1.0.0">
  <include src="defaults.xml"/>
  <gametype>dtm</gametype>
  <authors>
    <author uuid="da98a2f1673c4cecb547e0a342abfde4"/> <!-- Kagayamas -->
    <author uuid="ec00f0bb1c4548768f112b033b35c7e2"/> <!-- Administtration -->
  </authors>
  <teams>
    <team color="red" id="red" max="20" min="1">{colors.red}</team>
    <team color="yellow" id="yellow" max="20" min="1">{colors.yellow}</team>
  </teams>
  <spawns>
    <spawn id="default" team="spectators" yaw="90">
      <regions>
        <block>-86, 155, -48</block>
      </regions>
    </spawn>
    <spawn id="red" loadout="default" team="red" yaw="180">
      <regions>
        <block>-2, 84, 11</block>
      </regions>
    </spawn>
    <spawn id="yellow" loadout="default" team="yellow" yaw="0">
      <regions>
        <block>-2, 84, -107</block>
      </regions>
    </spawn>
  </spawns>
  <objectives>
    <monuments materials="obsidian">
      <monuments owner="yellow">
        <monument name="Left">
          <region>
            <block>-28, 89, -136</block>
          </region>
        </monument>
        <monument name="Right">
          <region>
            <block>24, 89, -136</block>
          </region>
        </monument>
      </monuments>
      <monuments owner="red">
        <monument name="Left">
          <region>
            <block>24, 89, 40</block>
          </region>
        </monument>
        <monument name="Right">
          <region>
            <block>-28, 89, 40</block>
          </region>
        </monument>
      </monuments>
    </monuments>
  </objectives>
  <zones>
    <zone modify="never">
      <region>
        <invert>
          <cuboid max="33, 142, -142" min="-37, 76, 47"/>
        </invert>
      </region>
    </zone>
    <zone modify="never">
      <region>
        <cylinder base="-2, 82, 11" height="7" radius="10"/>
      </region>
      <enter>
        <team>red</team>
      </enter>
    </zone>
    <zone modify="never">
      <region>
        <cylinder base="-2, 82, -107" height="7" radius="10"/>
      </region>
      <enter>
        <team>yellow</team>
      </enter>
      <message>{errors.spawn-restricted}</message>
    </zone>
  </zones>
  <items>
    <repair-tools>
      <any>
        <material>leather helmet</material>
        <material>leather chestplate</material>
        <material>leather leggings</material>
        <material>leather boots</material>
        <material>stone sword</material>
        <material>diamond pickaxe</material>
        <material>bow</material>
      </any>
    </repair-tools>
    <remove-drops>
      <any>
        <material>apple</material>
        <material>bow</material>
        <material>leather helmet</material>
        <material>leather chestplate</material>
        <material>leather leggings</material>
        <material>leather boots</material>
        <material>arrow</material>
        <material>stone sword</material>
      </any>
    </remove-drops>
  </items>
  <loadouts>
    <loadout id="default">
      <helmet material="leather helmet" team-color="true"/>
      <chestplate material="leather chestplate" team-color="true"/>
      <leggings material="leather leggings" team-color="true"/>
      <boots material="leather boots" team-color="true"/>
      <effect duration="3s">damage resistance</effect>
      <item material="stone sword" slot="0"/>
      <item material="bow" slot="1">
        <enchantment>arrow infinite</enchantment>
      </item>
      <item material="diamond pickaxe" slot="2"/>
      <item amount="2" material="golden apple" slot="3"/>
      <item amount="32" material="glass" slot="4"/>
      <item amount="64" material="log" slot="5"/>
      <item amount="38" material="smooth brick" slot="6"/>
      <item amount="24" material="apple" slot="7"/>
      <item amount="1" material="arrow" slot="27"/>
    </loadout>
    <loadout id="kill-reward">
      <item material="golden apple"/>
    </loadout>
  </loadouts>
  <kills>
    <rewards>
      <reward loadout="kill-reward"/>
    </rewards>
  </kills>
</map>
