{"stats":{"minecraft:used":{"minecraft:smooth_stone_slab":11,"minecraft:diamond_block":16,"minecraft:stone":66,"minecraft:smooth_stone":2},"minecraft:custom":{"minecraft:jump":29,"minecraft:time_since_rest":6183,"minecraft:play_one_minute":6183,"minecraft:crouch_one_cm":1811,"minecraft:leave_game":2,"minecraft:sprint_one_cm":1592,"minecraft:time_since_death":6183,"minecraft:walk_on_water_one_cm":334,"minecraft:walk_one_cm":3639,"minecraft:sneak_time":805,"minecraft:climb_one_cm":509,"minecraft:walk_under_water_one_cm":204,"minecraft:swim_one_cm":650,"minecraft:fly_one_cm":176235}},"DataVersion":2230}